name,phone,website,email,address,street,city,state,zip,rating,review_count,category,hours_status,hours_detail,google_maps_url,search_keyword,search_place,search_type,search_state,scraped_at,place_id
Arlington Autocare,(703) 247-3060,https://www.arlingtonautocare.com/,,"3298 Wilson Blvd, Arlington, VA 22201, United States",3298 Wilson Blvd,Arlington,VA,22201,4.4,1190,Auto repair shop,,,https://www.google.com/maps/place/Arlington+Autocare/data=!4m7!3m6!1s0x89b7b68311402521:0x2f4360710096969a!8m2!3d38.8840312!4d-77.0986548!16s%2Fg%2F1vgx1n77!19sChIJISVAEYO2t4kRmpaWAHFgQy8?authuser=0&hl=en&rclk=1,auto repair shop,District of Columbia,county,DC,2026-07-15T06:55:56,0x89b7b68311402521:0x2f4360710096969a
Baird Automotive,(703) 527-1770,http://www.bairdautomotive.com/,,"3427 Washington Blvd, Arlington, VA 22201, United States",3427 Washington Blvd,Arlington,VA,22201,4.6,124,Auto repair shop,,,https://www.google.com/maps/place/Baird+Automotive/data=!4m7!3m6!1s0x89b7b6826e8974d1:0x773bca4b63757f35!8m2!3d38.8861863!4d-77.1015041!16s%2Fg%2F1thqbrbq!19sChIJ0XSJboK2t4kRNX91Y0vKO3c?authuser=0&hl=en&rclk=1,auto repair shop,Washington,city,DC,2026-07-15T07:00:52,0x89b7b6826e8974d1:0x773bca4b63757f35
Capitol Auto Land Inc,(703) 998-0207,https://capitolautoland.com/,,"2427 Shirlington Rd, Arlington, VA 22206, United States",2427 Shirlington Rd,Arlington,VA,22206,4.9,1739,Auto repair shop,,,https://www.google.com/maps/place/Capitol+Auto+Land+Inc/data=!4m7!3m6!1s0x89b7b14e16ff9da9:0x28fff69234d956d7!8m2!3d38.8475601!4d-77.083617!16s%2Fg%2F1thcnnxr!19sChIJqZ3_Fk6xt4kR11bZNJL2_yg?authuser=0&hl=en&rclk=1,auto repair shop,District of Columbia,county,DC,2026-07-23T01:50:12,0x89b7b14e16ff9da9:0x28fff69234d956d7
Clarendon Tire,(703) 524-7622,http://clarendontire.com/,,"3237 Wilson Blvd, Arlington, VA 22201, United States",3237 Wilson Blvd,Arlington,VA,22201,4.9,1229,Tire shop,,,https://www.google.com/maps/place/Clarendon+Tire/data=!4m7!3m6!1s0x89b7b6839f1a4225:0x5a11a1b2f7541b83!8m2!3d38.885212!4d-77.098175!16s%2Fg%2F1hc3sgj28!19sChIJJUIan4O2t4kRgxtU97KhEVo?authuser=0&hl=en&rclk=1,auto repair shop,Washington,city,DC,2026-07-23T01:52:22,0x89b7b6839f1a4225:0x5a11a1b2f7541b83
E & D International Auto Repair Alignment & Towing Service,(571) 319-0418,https://ed-auto.com/,,"3800 S Four Mile Run Dr Suit F, Arlington, VA 22206, United States",3800 S Four Mile Run Dr Suit F,Arlington,VA,22206,4.4,282,Auto repair shop,,,https://www.google.com/maps/place/E+%26+D+International+Auto+Repair+Alignment+%26+Towing+Service/data=!4m7!3m6!1s0x89b7b14e1656dd7d:0x5faa81af69ee195e!8m2!3d38.8447019!4d-77.0900898!16s%2Fg%2F1260bll_n!19sChIJfd1WFk6xt4kRXhnuaa-Bql8?authuser=0&hl=en&rclk=1,auto repair shop,District of Columbia,county,DC,2026-07-15T06:55:56,0x89b7b14e1656dd7d:0x5faa81af69ee195e
Jim’s Automotive,(703) 931-9431,https://www.autorepairarlingtonva.com/,,"4961 10th St S, Arlington, VA 22204, United States",4961 10th St S,Arlington,VA,22204,4.9,164,Auto repair shop,,,https://www.google.com/maps/place/Jim%E2%80%99s+Automotive/data=!4m7!3m6!1s0x89b7b406ff83658f:0x293ef963e96641c1!8m2!3d38.8559196!4d-77.1110102!16s%2Fg%2F1tld11nv!19sChIJj2WD_wa0t4kRwUFm6WP5Pik?authuser=0&hl=en&rclk=1,auto repair shop,District of Columbia,county,DC,2026-07-23T01:50:12,0x89b7b406ff83658f:0x293ef963e96641c1
Auto Shop Service LLC,(301) 336-5623,,,"6615 Central Ave, Capitol Heights, MD 20743, United States",6615 Central Ave,Capitol Heights,MD,20743,4.9,117,Auto repair shop,,,https://www.google.com/maps/place/Auto+Shop+Service+LLC/data=!4m7!3m6!1s0x89b7c717e34f0f77:0x2882d6a8f917cc37!8m2!3d38.8870722!4d-76.8922128!16s%2Fg%2F11f2pj90r8!19sChIJdw9P4xfHt4kRN8wX-ajWgig?authuser=0&hl=en&rclk=1,auto repair shop,District of Columbia,county,DC,2026-07-23T01:50:12,0x89b7c717e34f0f77:0x2882d6a8f917cc37
M & D Auto Repair,(240) 510-3738,http://md-auto-repair.com/,,"10 Uline Ave, Capitol Heights, MD 20743, United States",10 Uline Ave,Capitol Heights,MD,20743,4.0,59,Car repair and maintenance service,,,https://www.google.com/maps/place/M+%26+D+Auto+Repair/data=!4m7!3m6!1s0x89b7bfb6ccb1f7dd:0xf8ff19e6625d2d6f!8m2!3d38.8857837!4d-76.9082307!16s%2Fg%2F11clytvzy5!19sChIJ3fexzLa_t4kRby1dYuYZ__g?authuser=0&hl=en&rclk=1,auto repair shop,District of Columbia,county,DC,2026-07-15T06:55:56,0x89b7bfb6ccb1f7dd:0xf8ff19e6625d2d6f
QR AUTO CLINIC LLC,(301) 333-2886,https://qrautoclinic23.base44.app/,,"23 Hampton Park Blvd, Capitol Heights, MD 20743, United States",23 Hampton Park Blvd,Capitol Heights,MD,20743,4.3,131,Auto repair shop,,,https://www.google.com/maps/place/QR+AUTO+CLINIC+LLC/data=!4m7!3m6!1s0x89b7bf964c2440bb:0x9f617fac365fc6d1!8m2!3d38.889674!4d-76.853973!16s%2Fg%2F11ghfbktzy!19sChIJu0AkTJa_t4kR0cZfNqx_YZ8?authuser=0&hl=en&rclk=1,auto repair shop,District of Columbia,county,DC,2026-07-15T06:55:56,0x89b7bf964c2440bb:0x9f617fac365fc6d1
YBE Auto Repair Center,(202) 455-3822,https://ybe-auto-repair-shop.square.site/,,"8632 Edgeworth Dr, Capitol Heights, MD 20743, United States",8632 Edgeworth Dr,Capitol Heights,MD,20743,4.8,29,Auto repair shop,,,https://www.google.com/maps/place/YBE+Auto+Repair+Center/data=!4m7!3m6!1s0x89b7b7f100000001:0x2b9c4391cd42e4e4!8m2!3d38.8809343!4d-76.856519!16s%2Fg%2F1vzn6g1t!19sChIJAQAAAPG3t4kR5ORCzZFDnCs?authuser=0&hl=en&rclk=1,auto repair shop,District of Columbia,county,DC,2026-07-23T01:50:12,0x89b7b7f100000001:0x2b9c4391cd42e4e4
Cartech,(301) 500-2059,https://cartechmechanics.com/,,"4317 Bladensburg Rd, Colmar Manor, MD 20722, United States",4317 Bladensburg Rd,Colmar Manor,MD,20722,4.9,45,Auto repair shop,,,https://www.google.com/maps/place/Cartech/data=!4m7!3m6!1s0x89b7c757c7771bdf:0xc85f9c26e31e9532!8m2!3d38.9369473!4d-76.9443864!16s%2Fg%2F11yn2mtp22!19sChIJ3xt3x1fHt4kRMpUe4yacX8g?authuser=0&hl=en&rclk=1,auto repair shop,District of Columbia,county,DC,2026-07-23T01:50:12,0x89b7c757c7771bdf:0xc85f9c26e31e9532
Masters Auto Shop,(301) 736-3500,http://masters-auto-shop.keeq.io/,,"5611 Marlboro Pike, District Heights, MD 20747, United States",5611 Marlboro Pike,District Heights,MD,20747,4.4,36,Auto repair shop,,,https://www.google.com/maps/place/Masters+Auto+Shop/data=!4m7!3m6!1s0x89b7bece3f0e9f35:0x632101d25ced3dc2!8m2!3d38.8600881!4d-76.9105591!16s%2Fg%2F1tgfr02n!19sChIJNZ8OP86-t4kRwj3tXNIBIWM?authuser=0&hl=en&rclk=1,auto repair shop,District of Columbia,county,DC,2026-07-23T01:50:12,0x89b7bece3f0e9f35:0x632101d25ced3dc2
Sam's Auto Services,(202) 749-0413,http://www.psts24.com/,,"5541 Marlboro Pike, District Heights, MD 20747, United States",5541 Marlboro Pike,District Heights,MD,20747,4.7,98,Auto repair shop,,,https://www.google.com/maps/place/Sam%27s+Auto+Services/data=!4m7!3m6!1s0x89b7bece1da0ec93:0x1b9303eb9630c261!8m2!3d38.8611079!4d-76.9118709!16s%2Fg%2F1tfk9xp_!19sChIJk-ygHc6-t4kRYcIwlusDkxs?authuser=0&hl=en&rclk=1,auto repair shop,District of Columbia,county,DC,2026-07-23T01:50:12,0x89b7bece1da0ec93:0x1b9303eb9630c261
Silver Hill Auto Repair,(301) 316-8030,https://silverhillautorepairs.com/,,"4017 Silver Hill Rd, Hillcrest Heights, MD 20746, United States",4017 Silver Hill Rd,Hillcrest Heights,MD,20746,4.8,313,Auto repair shop,,,https://www.google.com/maps/place/Silver+Hill+Auto+Repair/data=!4m7!3m6!1s0x89b7b95d985595f9:0x64b2d36fb1fa85e6!8m2!3d38.8409096!4d-76.9398807!16s%2Fg%2F1tdh4rwd!19sChIJ-ZVVmF25t4kR5oX6sW_TsmQ?authuser=0&hl=en&rclk=1,auto repair shop,District of Columbia,county,DC,2026-07-23T01:50:12,0x89b7b95d985595f9:0x64b2d36fb1fa85e6
Automotive Service Center,(301) 779-8338,,,"4817 Rhode Island Ave, Hyattsville, MD 20781, United States",4817 Rhode Island Ave,Hyattsville,MD,20781,4.3,38,Auto machine shop,,,https://www.google.com/maps/place/Automotive+Service+Center/data=!4m7!3m6!1s0x89b7c7186ef109e7:0xf25f905a5906fcd6!8m2!3d38.9487554!4d-76.9421826!16s%2Fg%2F1thmg8qw!19sChIJ5wnxbhjHt4kR1vwGWVqQX_I?authuser=0&hl=en&rclk=1,auto repair shop,District of Columbia,county,DC,2026-07-15T06:55:56,0x89b7c7186ef109e7:0xf25f905a5906fcd6
K&W Auto Repair,(301) 864-7150,https://kwautoservice.com/,,"4802 Rhode Island Ave Rear, Hyattsville, MD 20781, United States",4802 Rhode Island Ave Rear,Hyattsville,MD,20781,4.9,190,Auto repair shop,,,https://www.google.com/maps/place/K%26W+Auto+Repair/data=!4m7!3m6!1s0x89b7c7184f49bb81:0x5d78a92d0dfe1629!8m2!3d38.9488841!4d-76.9434884!16s%2Fg%2F1tfm2bnv!19sChIJgbtJTxjHt4kRKRb-DS2peF0?authuser=0&hl=en&rclk=1,auto repair shop,Washington,city,DC,2026-07-15T07:00:52,0x89b7c7184f49bb81:0x5d78a92d0dfe1629
Roda Auto Repair,(240) 240-6511,https://roda.com/,,"1460 Rockville Pike, Rockville, MD 20852, United States",1460 Rockville Pike,Rockville,MD,20852,4.8,1233,Auto repair shop,,,https://www.google.com/maps/place/Roda+Auto+Repair/data=!4m7!3m6!1s0x89b7c91d067c507d:0x6d5a33bfad993290!8m2!3d39.066439!4d-77.126517!16s%2Fg%2F11n0cy3nzd!19sChIJfVB8Bh3Jt4kRkDKZrb8zWm0?authuser=0&hl=en&rclk=1,auto repair shop,Washington,city,DC,2026-07-23T01:52:22,0x89b7c91d067c507d:0x6d5a33bfad993290
Allen Automotive,(301) 587-6755,http://allensautomotive.com/,,"2424 Linden Ln, Silver Spring, MD 20910, United States",2424 Linden Ln,Silver Spring,MD,20910,4.5,149,Auto repair shop,,,https://www.google.com/maps/place/Allen+Automotive/data=!4m7!3m6!1s0x89b7c8d4bde82a2b:0xce9356422efbda84!8m2!3d39.0093007!4d-77.0518347!16s%2Fg%2F1td1qsft!19sChIJKyrovdTIt4kRhNr7LkJWk84?authuser=0&hl=en&rclk=1,auto repair shop,District of Columbia,county,DC,2026-07-23T01:50:12,0x89b7c8d4bde82a2b:0xce9356422efbda84
Atlas Auto Services - Mobile,(614) 378-9868,https://www.instagram.com/atlasautoservicedmv?igsh=eXFuanppaGw0bG1q&utm_source=qr,,"East-West Hwy, Silver Spring, MD 20910, United States",East-West Hwy,Silver Spring,MD,20910,5.0,67,Mechanic,,,https://www.google.com/maps/place/Atlas+Auto+Services+-+Mobile/data=!4m7!3m6!1s0x861f7269b36f9843:0xeb70f5a46c89380c!8m2!3d38.9920186!4d-77.0320619!16s%2Fg%2F11n4tcmkyy!19sChIJQ5hvs2lyH4YRDDiJbKT1cOs?authuser=0&hl=en&rclk=1,auto repair shop,District of Columbia,county,DC,2026-07-23T01:50:12,0x861f7269b36f9843:0xeb70f5a46c89380c
Carlos Best Auto Repair,(240) 850-5568,http://carlosbestautorepair.com/,,"2601 Forest Glen Rd, Silver Spring, MD 20910, United States",2601 Forest Glen Rd,Silver Spring,MD,20910,4.9,410,Auto repair shop,,,https://www.google.com/maps/place/Carlos+Best+Auto+Repair/data=!4m7!3m6!1s0x89b7cfdc6ed59019:0xba8c1d57d02400fd!8m2!3d39.0149598!4d-77.0544902!16s%2Fg%2F11fb081sq8!19sChIJGZDVbtzPt4kR_QAk0FcdjLo?authuser=0&hl=en&rclk=1,auto repair shop,District of Columbia,county,DC,2026-07-23T01:50:12,0x89b7cfdc6ed59019:0xba8c1d57d02400fd
Far East Motors Auto Repair,(301) 945-7158,https://www.fareastmotors.com/,,"963 Selim Rd, Silver Spring, MD 20910, United States",963 Selim Rd,Silver Spring,MD,20910,4.8,890,Auto repair shop,,,https://www.google.com/maps/place/Far+East+Motors+Auto+Repair/data=!4m7!3m6!1s0x89b7c8bdb9a723af:0x8884fcda413fcf44!8m2!3d38.989052!4d-77.025966!16s%2Fg%2F1tx1v24f!19sChIJryOnub3It4kRRM8_Qdr8hIg?authuser=0&hl=en&rclk=1,auto repair shop,District of Columbia,county,DC,2026-07-23T01:50:12,0x89b7c8bdb9a723af:0x8884fcda413fcf44
Joe's Auto Repair,(301) 681-5996,https://joes4corners.com/,,"101 University Blvd W, Silver Spring, MD 20901, United States",101 University Blvd W,Silver Spring,MD,20901,4.5,79,Auto repair shop,,,https://www.google.com/maps/place/Joe%27s+Auto+Repair/data=!4m7!3m6!1s0x89b7cf592f67271f:0xd284624aa5129c58!8m2!3d39.0211391!4d-77.0136817!16s%2Fg%2F11g6lv553m!19sChIJHydnL1nPt4kRWJwSpUpihNI?authuser=0&hl=en&rclk=1,auto repair shop,District of Columbia,county,DC,2026-07-15T06:55:56,0x89b7cf592f67271f:0xd284624aa5129c58
Murray's Auto Clinic Inc.,(301) 585-7557,https://www.murraysautoclinics.com/?utm_source=GoogleBusinessProfile&utm_medium=GoogleBusinessProfile&utm_campaign=GoogleBusinessProfile&utm_id=murrays&utm_content=GoogleBusinessProfile,,"999 Philadelphia Ave, Silver Spring, MD 20910, United States",999 Philadelphia Ave,Silver Spring,MD,20910,4.9,1096,Auto repair shop,,,https://www.google.com/maps/place/Murray%27s+Auto+Clinic+Inc./data=!4m7!3m6!1s0x89b7c8bdb48cae67:0x4d8c492ab09156c7!8m2!3d38.9897152!4d-77.0260008!16s%2Fg%2F1td7zzyw!19sChIJZ66MtL3It4kRx1aRsCpJjE0?authuser=0&hl=en&rclk=1,auto repair shop,District of Columbia,county,DC,2026-07-23T01:50:12,0x89b7c8bdb48cae67:0x4d8c492ab09156c7
New Again Auto Repair,(301) 244-8958,https://www.newagainautorepair.com/,,"9200 Talbot Ave a, Silver Spring, MD 20910, United States",9200 Talbot Ave a,Silver Spring,MD,20910,4.9,304,Auto repair shop,,,https://www.google.com/maps/place/New+Again+Auto+Repair/data=!4m7!3m6!1s0x89b7c8d1434a7bed:0x8314dd96d5e8ce71!8m2!3d39.004825!4d-77.0496469!16s%2Fg%2F119vml948!19sChIJ7XtKQ9HIt4kRcc7o1ZbdFIM?authuser=0&hl=en&rclk=1,auto repair shop,District of Columbia,county,DC,2026-07-23T01:50:12,0x89b7c8d1434a7bed:0x8314dd96d5e8ce71
Rossi's Automotive Service Inc.,(301) 495-0188,http://www.rossisautoservice.com/,,"903 Selim Rd, Silver Spring, MD 20910, United States",903 Selim Rd,Silver Spring,MD,20910,4.8,320,Auto repair shop,,,https://www.google.com/maps/place/Rossi%27s+Automotive+Service+Inc./data=!4m7!3m6!1s0x89b7c8bd8323d2a1:0xdd0e6e67fbbfcbfb!8m2!3d38.9880283!4d-77.0250329!16s%2Fg%2F1txc7y69!19sChIJodIjg73It4kR-8u_-2duDt0?authuser=0&hl=en&rclk=1,auto repair shop,District of Columbia,county,DC,2026-07-23T01:50:12,0x89b7c8bd8323d2a1:0xdd0e6e67fbbfcbfb
A & W Auto Services,(202) 829-1478,https://www.instagram.com/aw.bodyshop/,,"6000 Sligo Mill Rd NE, Washington, DC 20011, United States",6000 Sligo Mill Rd NE,Washington,DC,20011,4.8,54,Auto repair shop,,,https://www.google.com/maps/place/A+%26+W+Auto+Services/data=!4m7!3m6!1s0x89b7c7d51d256107:0x5131a23b0ada14a7!8m2!3d38.962794!4d-77.0076201!16s%2Fg%2F11bz1vg1rt!19sChIJB2ElHdXHt4kRpxTaCjuiMVE?authuser=0&hl=en&rclk=1,auto repair shop,District of Columbia,county,DC,2026-07-23T01:50:12,0x89b7c7d51d256107:0x5131a23b0ada14a7
A F auto repair,(202) 815-6956,https://af7279.wixsite.com/afautorepair,,"2708 Virginia Ave NW, Washington, DC 20037, United States",2708 Virginia Ave NW,Washington,DC,20037,4.8,119,Auto repair shop,,,https://www.google.com/maps/place/A+F+auto+repair/data=!4m7!3m6!1s0x89b7b7d0b90e8e03:0xe61f5a33c6545bc9!8m2!3d38.900391!4d-77.056578!16s%2Fg%2F11y3hql6y4!19sChIJA44OudC3t4kRyVtUxjNaH-Y?authuser=0&hl=en&rclk=1,auto repair shop,District of Columbia,county,DC,2026-07-23T01:50:12,0x89b7b7d0b90e8e03:0xe61f5a33c6545bc9
AYT Auto Service,(202) 635-4587,http://www.aytauto.com/,,"2121 West Virginia Ave NE, Washington, DC 20002, United States",2121 West Virginia Ave NE,Washington,DC,20002,4.7,231,Auto repair shop,,,https://www.google.com/maps/place/AYT+Auto+Service/data=!4m7!3m6!1s0x89b7b93a6c9e1897:0x1a57098fc4bef6f9!8m2!3d38.915869!4d-76.9791126!16s%2Fg%2F11r_fl2065!19sChIJlxiebDq5t4kR-fa-xI8JVxo?authuser=0&hl=en&rclk=1,auto repair shop,District of Columbia,county,DC,2026-07-23T01:50:12,0x89b7b93a6c9e1897:0x1a57098fc4bef6f9
Alem Auto Repair,,,,"3001 Earl Pl NE, Washington, DC 20018, United States",3001 Earl Pl NE,Washington,DC,20018,,,Auto repair shop,,,https://www.google.com/maps/place/Alem+Auto+Repair/data=!4m7!3m6!1s0x89b7c7005be9b341:0xf8aa5fbda9df60a9!8m2!3d38.9285154!4d-76.9631503!16s%2Fg%2F11z824ryn3!19sChIJQbPpWwDHt4kRqWDfqb1fqvg?authuser=0&hl=en&rclk=1,auto repair shop,District of Columbia,county,DC,2026-07-23T01:50:12,0x89b7c7005be9b341:0xf8aa5fbda9df60a9
American Foreign Car Service,(202) 265-9041,,,"911 V St NW, Washington, DC 20001, United States",911 V St NW,Washington,DC,20001,3.9,19,Auto repair shop,,,https://www.google.com/maps/place/American+Foreign+Car+Service/data=!4m7!3m6!1s0x89b7b76824ea1ab7:0x9e193a872262e839!8m2!3d38.9183114!4d-77.0251184!16s%2Fg%2F11tmrcxl0_!19sChIJtxrqJGi3t4kROehiIoc6GZ4?authuser=0&hl=en&rclk=1,auto repair shop,District of Columbia,county,DC,2026-07-23T01:50:12,0x89b7b76824ea1ab7:0x9e193a872262e839
Auto Body Repair DC,(202) 655-3636,https://autodentrepairshop.com/,,"1200 18th St NW Ste 325, Washington, DC 20036, United States",1200 18th St NW Ste 325,Washington,DC,20036,4.8,26,Auto body shop,,,https://www.google.com/maps/place/Auto+Body+Repair+DC/data=!4m7!3m6!1s0x89b7b78405fef18f:0x430107e9f6a8cdfa!8m2!3d38.9058462!4d-77.0420729!16s%2Fg%2F11wh_p9j_n!19sChIJj_H-BYS3t4kR-s2o9ukHAUM?authuser=0&hl=en&rclk=1,auto repair shop,District of Columbia,county,DC,2026-07-23T01:50:12,0x89b7b78405fef18f:0x430107e9f6a8cdfa
Auto Tech Service,(202) 797-7585,https://www.autotechservicesdc.com/,,"1236 Mt Olivet Rd NE B, Washington, DC 20002, United States",1236 Mt Olivet Rd NE B,Washington,DC,20002,4.9,330,Auto repair shop,,,https://www.google.com/maps/place/Auto+Tech+Service/data=!4m7!3m6!1s0x89b7b949632c9647:0x293ba9bcb9621459!8m2!3d38.9101887!4d-76.9837828!16s%2Fg%2F11gjnfrlj0!19sChIJR5YsY0m5t4kRWRRiubypOyk?authuser=0&hl=en&rclk=1,auto repair shop,District of Columbia,county,DC,2026-07-23T01:50:12,0x89b7b949632c9647:0x293ba9bcb9621459
BNH Tires Inc.,(202) 269-1352,,,"604 Rhode Island Ave NE, Washington, DC 20002, United States",604 Rhode Island Ave NE,Washington,DC,20002,4.1,165,Tire shop,,,https://www.google.com/maps/place/BNH+Tires+Inc./data=!4m7!3m6!1s0x89b7b80873c5f6d3:0x3ca2dc8a0b4ef875!8m2!3d38.9209325!4d-76.9983719!16s%2Fg%2F11dfgwg49v!19sChIJ0_bFcwi4t4kRdfhOC4rcojw?authuser=0&hl=en&rclk=1,auto repair shop,Washington,city,DC,2026-07-15T07:00:52,0x89b7b80873c5f6d3:0x3ca2dc8a0b4ef875
BT&T Auto Service,(202) 529-9187,,,"3010 Rhode Island Ave NE, Washington, DC 20018, United States",3010 Rhode Island Ave NE,Washington,DC,20018,4.2,32,Auto repair shop,,,https://www.google.com/maps/place/BT%26T+Auto+Service/data=!4m7!3m6!1s0x89b7c7b4ceb4eb69:0xec08b24cb04123c2!8m2!3d38.934658!4d-76.9651887!16s%2Fg%2F11nm_zhtcc!19sChIJaeu0zrTHt4kRwiNBsEyyCOw?authuser=0&hl=en&rclk=1,auto repair shop,District of Columbia,county,DC,2026-07-23T01:50:12,0x89b7c7b4ceb4eb69:0xec08b24cb04123c2
Ben Nielsen's 10th Street Automotive,(202) 544-1110,https://www.10thstreetautomotive.com/?utm_campaign=gmb,,"518 10th St NE, Washington, DC 20002, United States",518 10th St NE,Washington,DC,20002,4.4,843,Auto repair shop,,,https://www.google.com/maps/place/Ben+Nielsen%27s+10th+Street+Automotive/data=!4m7!3m6!1s0x89b7b83ea60006df:0xbb5fa6c0bcd496fe!8m2!3d38.8969558!4d-76.9928712!16s%2Fg%2F1v940yz1!19sChIJ3wYApj64t4kR_pbUvMCmX7s?authuser=0&hl=en&rclk=1,auto repair shop,District of Columbia,county,DC,2026-07-23T01:50:12,0x89b7b83ea60006df:0xbb5fa6c0bcd496fe
Ben Nielsen's Northwest Automotive,(202) 234-1686,https://www.northwestautomotive.com/?utm_campaign=gmb,,"601 Rhode Island Ave NW, Washington, DC 20001, United States",601 Rhode Island Ave NW,Washington,DC,20001,4.5,202,Auto repair shop,,,https://www.google.com/maps/place/Ben+Nielsen%27s+Northwest+Automotive/data=!4m7!3m6!1s0x89b7b76ca7767b73:0x3eb7a770eeae85bf!8m2!3d38.9131811!4d-77.0201927!16s%2Fg%2F11j1ndgm91!19sChIJc3t2p2y3t4kRv4Wu7nCntz4?authuser=0&hl=en&rclk=1,auto repair shop,Washington,city,DC,2026-07-23T01:52:22,0x89b7b76ca7767b73:0x3eb7a770eeae85bf
Best Auto Shop,(202) 699-3760,,,"1800 Adams St NE, Washington, DC 20018, United States",1800 Adams St NE,Washington,DC,20018,5.0,11,Auto bodywork mechanic,,,https://www.google.com/maps/place/Best+Auto+Shop/data=!4m7!3m6!1s0x89b7c7cfd4631661:0xb85520094aa6d601!8m2!3d38.9203957!4d-76.9788297!16s%2Fg%2F11l36clmnf!19sChIJYRZj1M_Ht4kRAdamSgkgVbg?authuser=0&hl=en&rclk=1,auto repair shop,District of Columbia,county,DC,2026-07-23T01:50:12,0x89b7c7cfd4631661:0xb85520094aa6d601
C and W Auto Repair,,https://candwrepairbodyshopdc.wordpress.com/,,"2626 Evarts St NE, Washington, DC 20018, United States",2626 Evarts St NE,Washington,DC,20018,5.0,9,Auto repair shop,,,https://www.google.com/maps/place/C+and+W+Auto+Repair/data=!4m7!3m6!1s0x89b7c7000b1d5f37:0xb97d036d077803f5!8m2!3d38.9249798!4d-76.9686942!16s%2Fg%2F11vwk6m9gz!19sChIJN18dCwDHt4kR9QN4B20Dfbk?authuser=0&hl=en&rclk=1,auto repair shop,Washington,city,DC,2026-07-15T07:00:52,0x89b7c7000b1d5f37:0xb97d036d077803f5
Capital Benz Auto Service,(202) 683-0399,,,"1801 Adams St NE, Washington, DC 20018, United States",1801 Adams St NE,Washington,DC,20018,4.4,36,Auto body shop,,,https://www.google.com/maps/place/Capital+Benz+Auto+Service/data=!4m7!3m6!1s0x89b7b9a05fc2576b:0x524e2a08f311f33f!8m2!3d38.9198008!4d-76.9785126!16s%2Fg%2F11gh9ttl44!19sChIJa1fCX6C5t4kRP_MR8wgqTlI?authuser=0&hl=en&rclk=1,auto repair shop,District of Columbia,county,DC,2026-07-23T01:50:12,0x89b7b9a05fc2576b:0x524e2a08f311f33f
Capitol Autocare,(202) 244-9548,,,"4900 Wisconsin Ave NW #7, Washington, DC 20016, United States",4900 Wisconsin Ave NW #7,Washington,DC,20016,4.8,93,Car repair and maintenance service,,,https://www.google.com/maps/place/Capitol+Autocare/data=!4m7!3m6!1s0x89b7c994d8ac0001:0x7598b4659e8e4825!8m2!3d38.953505!4d-77.0823707!16s%2Fg%2F11pdw1ggcq!19sChIJAQCs2JTJt4kRJUiOnmW0mHU?authuser=0&hl=en&rclk=1,auto repair shop,District of Columbia,county,DC,2026-07-23T01:50:12,0x89b7c994d8ac0001:0x7598b4659e8e4825
Capitol Hill Auto Service,(202) 543-5155,https://www.capitolhillautoservice.com/,,"615 Independence Ave SE, Washington, DC 20003, United States",615 Independence Ave SE,Washington,DC,20003,4.6,405,Auto repair shop,,,https://www.google.com/maps/place/Capitol+Hill+Auto+Service/data=!4m7!3m6!1s0x89b7b831ebf4cb0f:0x84e599c55147ee07!8m2!3d38.887355!4d-76.997685!16s%2Fg%2F1tftxvlz!19sChIJD8v06zG4t4kRB-5HUcWZ5YQ?authuser=0&hl=en&rclk=1,auto repair shop,District of Columbia,county,DC,2026-07-23T01:50:12,0x89b7b831ebf4cb0f:0x84e599c55147ee07
CityLLC Auto Repair,(202) 910-0000,,,"2204 Lawrence Ave NE, Washington, DC 20018, United States",2204 Lawrence Ave NE,Washington,DC,20018,5.0,3,Auto body shop,,,https://www.google.com/maps/place/CityLLC+Auto+Repair/data=!4m7!3m6!1s0x89b7b9ec228cf9bb:0xffc7ae6b1acc9041!8m2!3d38.919481!4d-76.97778!16s%2Fg%2F11rkbfxxq8!19sChIJu_mMIuy5t4kRQZDMGmuux_8?authuser=0&hl=en&rclk=1,auto repair shop,Washington,city,DC,2026-07-15T07:00:52,0x89b7b9ec228cf9bb:0xffc7ae6b1acc9041
Crash Champions Collision Repair Northwest DC,(202) 519-2534,https://crashchampions.com/locations/northwest-dc,,"4121 13th St NW, Washington, DC 20011, United States",4121 13th St NW,Washington,DC,20011,4.0,299,Auto body shop,,,https://www.google.com/maps/place/Crash+Champions+Collision+Repair+Northwest+DC/data=!4m7!3m6!1s0x89b7c92ecc56b1ed:0x12e8c2efb0c8a9f3!8m2!3d38.9413289!4d-77.0294717!16s%2Fg%2F11hg2bgy1l!19sChIJ7bFWzC7Jt4kR86nIsO_C6BI?authuser=0&hl=en&rclk=1,auto repair shop,District of Columbia,county,DC,2026-07-23T01:50:12,0x89b7c92ecc56b1ed:0x12e8c2efb0c8a9f3
D&C Mobile Mechanic,(202) 977-5082,https://app.mobilocard.com/virtual_card/S4HFqb7dfpOPOveEe4C1dsSrp243?leadId=EN85Ji4Qwk1e,,"1704 Gales St NE, Washington, DC 20002, United States",1704 Gales St NE,Washington,DC,20002,4.6,25,Mechanic,,,https://www.google.com/maps/place/D%26C+Mobile+Mechanic/data=!4m7!3m6!1s0x89b7b9ab74444273:0x140306593d595ac!8m2!3d38.898202!4d-76.9791782!16s%2Fg%2F11xty8v6y_!19sChIJc0JEdKu5t4kRrJXVk2UwQAE?authuser=0&hl=en&rclk=1,auto repair shop,District of Columbia,county,DC,2026-07-23T01:50:12,0x89b7b9ab74444273:0x140306593d595ac
DATCAR,(240) 350-8827,https://datcarservices.com/,,"6300 Georgia Ave NW, Washington, DC 20011, United States",6300 Georgia Ave NW,Washington,DC,20011,5.0,5,Auto repair shop,,,https://www.google.com/maps/place/DATCAR/data=!4m7!3m6!1s0x89b7c98611825205:0xc2b053f9bb331374!8m2!3d38.9664086!4d-77.0278469!16s%2Fg%2F11njwq40x8!19sChIJBVKCEYbJt4kRdBMzu_lTsMI?authuser=0&hl=en&rclk=1,auto repair shop,District of Columbia,county,DC,2026-07-23T01:50:12,0x89b7c98611825205:0xc2b053f9bb331374
DC Flyer Empire Auto Repair,(202) 488-4844,,,"2912 Bladensburg Rd NE, Washington, DC 20018, United States",2912 Bladensburg Rd NE,Washington,DC,20018,3.6,9,Auto repair shop,,,https://www.google.com/maps/place/DC+Flyer+Empire+Auto+Repair/data=!4m7!3m6!1s0x89b7c778390f4d5f:0xab553416e0b25cf9!8m2!3d38.9276935!4d-76.9623485!16s%2Fg%2F11f3tt9rpm!19sChIJX00POXjHt4kR-Vyy4BY0Vas?authuser=0&hl=en&rclk=1,auto repair shop,Washington,city,DC,2026-07-15T07:00:52,0x89b7c778390f4d5f:0xab553416e0b25cf9
DC auto services,(202) 758-0268,,,"3003 Earl Pl NE, Washington, DC 20018, United States",3003 Earl Pl NE,Washington,DC,20018,5.0,16,Auto repair shop,,,https://www.google.com/maps/place/DC+auto+services/data=!4m7!3m6!1s0x89b7c77d1e81d389:0xe31e786ad08f5351!8m2!3d38.9284154!4d-76.9630012!16s%2Fg%2F11rncfchrc!19sChIJidOBHn3Ht4kRUVOP0Gp4HuM?authuser=0&hl=en&rclk=1,auto repair shop,District of Columbia,county,DC,2026-07-23T01:50:12,0x89b7c77d1e81d389:0xe31e786ad08f5351
DP Auto Service,(202) 966-0408,http://dpautodc.com/,,"4940 Connecticut Ave NW, Washington, DC 20008, United States",4940 Connecticut Ave NW,Washington,DC,20008,4.8,335,Auto repair shop,,,https://www.google.com/maps/place/DP+Auto+Service/data=!4m7!3m6!1s0x89b7c9b9ba38c59f:0x90b28e70f7ade721!8m2!3d38.9544487!4d-77.07005!16s%2Fg%2F1tdpbhs3!19sChIJn8U4urnJt4kRIeet93COspA?authuser=0&hl=en&rclk=1,auto repair shop,District of Columbia,county,DC,2026-07-23T01:50:12,0x89b7c9b9ba38c59f:0x90b28e70f7ade721
Department of Motor Vehicles of the District of Columbia - Inspection Station,(202) 737-4404,http://dmv.dc.gov/page/inspection-station,,"1001 Half St SW, Washington, DC 20024, United States",1001 Half St SW,Washington,DC,20024,4.7,1008,Car inspection station,,,https://www.google.com/maps/place/Department+of+Motor+Vehicles+of+the+District+of+Columbia+-+Inspection+Station/data=!4m7!3m6!1s0x89b7b77e07e498e3:0xe74cfecc00e3b73e!8m2!3d38.8775938!4d-77.0108068!16s%2Fg%2F1q6jz4_2x!19sChIJ45jkB363t4kRPrfjAMz-TOc?authuser=0&hl=en&rclk=1,auto repair shop,District of Columbia,county,DC,2026-07-23T01:50:12,0x89b7b77e07e498e3:0xe74cfecc00e3b73e
Diamond auto & body repairs,(202) 529-0990,,,"3315 8th St NE, Washington, DC 20017, United States",3315 8th St NE,Washington,DC,20017,4.8,60,Auto body shop,,,https://www.google.com/maps/place/Diamond+auto+%26+body+repairs/data=!4m7!3m6!1s0x89b7c7d0150d3c8b:0x11c9b02cc64d2b2a!8m2!3d38.9309575!4d-76.9946148!16s%2Fg%2F11rssyrn_n!19sChIJizwNFdDHt4kRKitNxiywyRE?authuser=0&hl=en&rclk=1,auto repair shop,District of Columbia,county,DC,2026-07-23T01:50:12,0x89b7c7d0150d3c8b:0x11c9b02cc64d2b2a
Dick's Auto Body,(202) 636-4135,http://dicksautobodydc.com/,,"3319 8th St NE, Washington, DC 20017, United States",3319 8th St NE,Washington,DC,20017,4.4,28,Auto body shop,,,https://www.google.com/maps/place/Dick%27s+Auto+Body/data=!4m7!3m6!1s0x89b7c7f1bf5c161f:0xb2d837223817597c!8m2!3d38.931215!4d-76.994465!16s%2Fg%2F1tf66cc2!19sChIJHxZcv_HHt4kRfFkXOCI32LI?authuser=0&hl=en&rclk=1,auto repair shop,District of Columbia,county,DC,2026-07-15T06:55:56,0x89b7c7f1bf5c161f:0xb2d837223817597c
District Line Auto Service,(202) 291-4749,http://dclineauto.com/,,"7825 Georgia Ave NW, Washington, DC 20012, United States",7825 Georgia Ave NW,Washington,DC,20012,4.6,104,Auto repair shop,,,https://www.google.com/maps/place/District+Line+Auto+Service/data=!4m7!3m6!1s0x89b7c896f34d033b:0x7ea6d0938163d202!8m2!3d38.9843612!4d-77.0262079!16s%2Fg%2F1263lyvd7!19sChIJOwNN85bIt4kRAtJjgZPQpn4?authuser=0&hl=en&rclk=1,auto repair shop,District of Columbia,county,DC,2026-07-23T01:50:12,0x89b7c896f34d033b:0x7ea6d0938163d202
District of Columbia Mobile Mechanic,(202) 318-6694,https://dcsmobilemechanic.com/,,"2618 Bladensburg Rd NE, Washington, DC 20018, United States",2618 Bladensburg Rd NE,Washington,DC,20018,,,Auto repair shop,,,https://www.google.com/maps/place/District+of+Columbia+Mobile+Mechanic/data=!4m7!3m6!1s0x89b7c7a895025d23:0xce0352b0ccf185ab!8m2!3d38.923919!4d-76.9670394!16s%2Fg%2F11sr63hjmm!19sChIJI10ClajHt4kRq4XxzLBSA84?authuser=0&hl=en&rclk=1,auto repair shop,District of Columbia,county,DC,2026-07-23T01:50:12,0x89b7c7a895025d23:0xce0352b0ccf185ab
Downtown Auto Repair & Tires,(202) 289-1111,,,"They moved to Benning Road and, 34th St NE, Washington, DC 20019, United States","They moved to Benning Road and, 34th St NE",Washington,DC,20019,3.6,33,Tire shop,,,https://www.google.com/maps/place/Downtown+Auto+Repair+%26+Tires/data=!4m7!3m6!1s0x89b7b81e860fdb3b:0xb4b20ccdb391ee7e!8m2!3d38.8962028!4d-76.9572864!16s%2Fg%2F11bvt9ykpq!19sChIJO9sPhh64t4kRfu6Rs80MsrQ?authuser=0&hl=en&rclk=1,auto repair shop,Washington,city,DC,2026-07-15T07:00:52,0x89b7b81e860fdb3b:0xb4b20ccdb391ee7e
Eastern Auto Repair,(202) 722-5455,,,"6129 Kansas Ave NE, Washington, DC 20011, United States",6129 Kansas Ave NE,Washington,DC,20011,4.6,56,Auto repair shop,,,https://www.google.com/maps/place/Eastern+Auto+Repair/data=!4m7!3m6!1s0x89b7c7d5357306a3:0xf2dbf069ea9816dd!8m2!3d38.9642368!4d-77.0088252!16s%2Fg%2F1vyxk95v!19sChIJowZzNdXHt4kR3RaY6mnw2_I?authuser=0&hl=en&rclk=1,auto repair shop,Washington,city,DC,2026-07-23T01:52:22,0x89b7c7d5357306a3:0xf2dbf069ea9816dd
Embassy Row Shell Service Shop,(202) 450-6695,http://embassyrowshellserviceshop.com/?utm_source=gmb&utm_medium=referral,,"2200 P St NW, Washington, DC 20037, United States",2200 P St NW,Washington,DC,20037,3.7,22,Mechanic,,,https://www.google.com/maps/place/Embassy+Row+Shell+Service+Shop/data=!4m7!3m6!1s0x89b7b71232e20b05:0x4f1a25d4d39bb0f2!8m2!3d38.9092977!4d-77.049138!16s%2Fg%2F11pvmdycp1!19sChIJBQviMhK3t4kR8rCb09QlGk8?authuser=0&hl=en&rclk=1,auto repair shop,District of Columbia,county,DC,2026-07-23T01:50:12,0x89b7b71232e20b05:0x4f1a25d4d39bb0f2
F & D Auto Repair,(202) 627-2584,https://fdautorepairdc.com/,,"2325 18th St NE, Washington, DC 20018, United States",2325 18th St NE,Washington,DC,20018,3.3,15,Auto repair shop,,,https://www.google.com/maps/place/F+%26+D+Auto+Repair/data=!4m7!3m6!1s0x89b7c7882b4e3d3b:0x7b707ac501544e0e!8m2!3d38.9206559!4d-76.9786211!16s%2Fg%2F1pxwqh0nm!19sChIJOz1OK4jHt4kRDk5UAcV6cHs?authuser=0&hl=en&rclk=1,auto repair shop,District of Columbia,county,DC,2026-07-23T01:50:12,0x89b7c7882b4e3d3b:0x7b707ac501544e0e
First Vehicle Services,(202) 576-5505,,,"2175 West Virginia Ave NE, Washington, DC 20002, United States",2175 West Virginia Ave NE,Washington,DC,20002,4.2,23,Auto repair shop,,,https://www.google.com/maps/place/First+Vehicle+Services/data=!4m7!3m6!1s0x89b7b8771c296ab3:0x78cf05de020c025b!8m2!3d38.9160255!4d-76.9781862!16s%2Fg%2F1tkkvs35!19sChIJs2opHHe4t4kRWwIMAt4Fz3g?authuser=0&hl=en&rclk=1,auto repair shop,District of Columbia,county,DC,2026-07-23T01:50:12,0x89b7b8771c296ab3:0x78cf05de020c025b
Fort DuPont bp auto services,(202) 584-3200,,,"4101 Alabama Ave SE, Washington, DC 20019, United States",4101 Alabama Ave SE,Washington,DC,20019,4.9,21,Auto repair shop,,,https://www.google.com/maps/place/Fort+DuPont+bp+auto+services/data=!4m7!3m6!1s0x89b7b91ed34af65d:0xa4d0bcb74ced833!8m2!3d38.8703114!4d-76.9445122!16s%2Fg%2F11f2sjgjfv!19sChIJXfZK0x65t4kRM9jOdMsLTQo?authuser=0&hl=en&rclk=1,auto repair shop,District of Columbia,county,DC,2026-07-23T01:50:12,0x89b7b91ed34af65d:0xa4d0bcb74ced833
Frank's Auto Service,(202) 636-3467,,,"2110 5th St NE, Washington, DC 20002, United States",2110 5th St NE,Washington,DC,20002,4.4,83,Auto repair shop,,,https://www.google.com/maps/place/Frank%27s+Auto+Service/data=!4m7!3m6!1s0x89b7b8063a30e9fb:0xffaa98b6690d4707!8m2!3d38.9186132!4d-76.9998087!16s%2Fg%2F1tdfv0j3!19sChIJ--kwOga4t4kRB0cNabaYqv8?authuser=0&hl=en&rclk=1,auto repair shop,Washington,city,DC,2026-07-23T01:52:22,0x89b7b8063a30e9fb:0xffaa98b6690d4707
Gab Auto,(202) 635-2771,,,"1824 Fenwick St NE, Washington, DC 20002, United States",1824 Fenwick St NE,Washington,DC,20002,4.8,18,Auto repair shop,,,https://www.google.com/maps/place/Gab+Auto/data=!4m7!3m6!1s0x89b7b873a9561871:0x91deec788dc34be0!8m2!3d38.9135561!4d-76.9841247!16s%2Fg%2F1tgdpfwb!19sChIJcRhWqXO4t4kR4EvDjXjs3pE?authuser=0&hl=en&rclk=1,auto repair shop,Washington,city,DC,2026-07-23T01:52:22,0x89b7b873a9561871:0x91deec788dc34be0
Garcia’s Auto Services,,,,"2060 West Virginia Ave NE, Washington, DC 20002, United States",2060 West Virginia Ave NE,Washington,DC,20002,5.0,2,Auto repair shop,,,https://www.google.com/maps/place/Garcia%E2%80%99s+Auto+Services/data=!4m7!3m6!1s0x89b7b933fe915a95:0x345575715068d309!8m2!3d38.9152351!4d-76.9809577!16s%2Fg%2F11lyblqxvf!19sChIJlVqR_jO5t4kRCdNoUHF1VTQ?authuser=0&hl=en&rclk=1,auto repair shop,Washington,city,DC,2026-07-15T07:00:52,0x89b7b933fe915a95:0x345575715068d309
Gayo mobile auto repair,(984) 357-9840,,,"1339 Taylor St NW, Washington, DC 20011, United States",1339 Taylor St NW,Washington,DC,20011,5.0,3,Auto repair shop,,,https://www.google.com/maps/place/Gayo+mobile+auto+repair/data=!4m7!3m6!1s0x89b7c9005d659ff3:0x6e80129b9c121f3d!8m2!3d38.9410065!4d-77.0312258!16s%2Fg%2F11nc7jb2gl!19sChIJ859lXQDJt4kRPR8SnJsSgG4?authuser=0&hl=en&rclk=1,auto repair shop,District of Columbia,county,DC,2026-07-23T01:50:12,0x89b7c9005d659ff3:0x6e80129b9c121f3d
Goodyear Auto Service,(202) 526-3885,https://www.goodyear.com/en-us/goodyearautoservice,,"3156 Bladensburg Rd NE, Washington, DC 20018, United States",3156 Bladensburg Rd NE,Washington,DC,20018,4.6,297,Tire shop,,,https://www.google.com/maps/place/Goodyear+Auto+Service/data=!4m7!3m6!1s0x89b7c779d5895a6d:0x7669ef9a3305bcfc!8m2!3d38.9290617!4d-76.96158!16s%2Fg%2F1v9gwc4c!19sChIJbVqJ1XnHt4kR_LwFM5rvaXY?authuser=0&hl=en&rclk=1,auto repair shop,Washington,city,DC,2026-07-23T01:52:22,0x89b7c779d5895a6d:0x7669ef9a3305bcfc
Grand auto car Care,,,,"1500 M St NE, Washington, DC 20002, United States",1500 M St NE,Washington,DC,20002,,,Auto repair shop,,,https://www.google.com/maps/place/Grand+auto+car+Care/data=!4m7!3m6!1s0x89b7b97b07dca557:0x5dbf39f9be8f5672!8m2!3d38.9056454!4d-76.9797303!16s%2Fg%2F11nqrdgsp9!19sChIJV6XcB3u5t4kRclaPvvk5v10?authuser=0&hl=en&rclk=1,auto repair shop,District of Columbia,county,DC,2026-07-23T01:50:12,0x89b7b97b07dca557:0x5dbf39f9be8f5672
Guarani's Auto Body Shop LLC,(202) 291-5200,http://guaranisauto.com/,,"4100 Kansas Ave NW #2011, Washington, DC 20011, United States",4100 Kansas Ave NW #2011,Washington,DC,20011,4.2,64,Auto body shop,,,https://www.google.com/maps/place/Guarani%27s+Auto+Body+Shop+LLC/data=!4m7!3m6!1s0x89b7c811594030db:0x8db6112d0a35e22b!8m2!3d38.9410331!4d-77.0270629!16s%2Fg%2F1tfbd13h!19sChIJ2zBAWRHIt4kRK-I1Ci0Rto0?authuser=0&hl=en&rclk=1,auto repair shop,Washington,city,DC,2026-07-15T07:00:52,0x89b7c811594030db:0x8db6112d0a35e22b
Imperial Auto Body of DC,(202) 882-4171,https://imperialab.com/washington-dc/,,"6420 Chillum Pl NW, Washington, DC 20012, United States",6420 Chillum Pl NW,Washington,DC,20012,4.9,724,Auto body shop,,,https://www.google.com/maps/place/Imperial+Auto+Body+of+DC/data=!4m7!3m6!1s0x89b7c8805357b687:0x6ea350e0c555296a!8m2!3d38.9678269!4d-77.012965!16s%2Fg%2F1tgcn5b_!19sChIJh7ZXU4DIt4kRailVxeBQo24?authuser=0&hl=en&rclk=1,auto repair shop,District of Columbia,county,DC,2026-07-23T01:50:12,0x89b7c8805357b687:0x6ea350e0c555296a
Jindal Andre Automotive Services,(202) 546-7905,https://jindalauto.com/,,"1636 Bladensburg Rd NE, Washington, DC 20002, United States",1636 Bladensburg Rd NE,Washington,DC,20002,4.4,295,Auto repair shop,,,https://www.google.com/maps/place/Jindal+Andre+Automotive+Services/data=!4m7!3m6!1s0x89b7b87087ce0777:0x95c45e5b5d18a418!8m2!3d38.9125756!4d-76.9766556!16s%2Fg%2F1tdkspqy!19sChIJdwfOh3C4t4kRGKQYXVtexJU?authuser=0&hl=en&rclk=1,auto repair shop,District of Columbia,county,DC,2026-07-23T01:50:12,0x89b7b87087ce0777:0x95c45e5b5d18a418
KOMBA AUTO SERVICE,(202) 396-3690,https://kombasautorepair.wordpress.com/contact-us/,,"1396 Florida Ave NE, Washington, DC 20002, United States",1396 Florida Ave NE,Washington,DC,20002,4.7,33,Auto repair shop,,,https://www.google.com/maps/place/KOMBA+AUTO+SERVICE/data=!4m7!3m6!1s0x89b7b86a9ba8e71b:0x81cc9f0a0e69e9dc!8m2!3d38.9010527!4d-76.9853602!16s%2Fg%2F11cn941694!19sChIJG-eom2q4t4kR3OlpDgqfzIE?authuser=0&hl=en&rclk=1,auto repair shop,District of Columbia,county,DC,2026-07-23T01:50:12,0x89b7b86a9ba8e71b:0x81cc9f0a0e69e9dc
L J Auto Repair Inc,(202) 545-8150,https://www.ljauto4sales.com/,,"5913 Blair Rd NW, Washington, DC 20011, United States",5913 Blair Rd NW,Washington,DC,20011,4.4,34,Auto repair shop,,,https://www.google.com/maps/place/L+J+Auto+Repair+Inc/data=!4m7!3m6!1s0x89b7c7d58ee76c15:0xf44b6bc79c4664aa!8m2!3d38.9618873!4d-77.0101013!16s%2Fg%2F1tf08k8k!19sChIJFWznjtXHt4kRqmRGnMdrS_Q?authuser=0&hl=en&rclk=1,auto repair shop,District of Columbia,county,DC,2026-07-23T01:50:12,0x89b7c7d58ee76c15:0xf44b6bc79c4664aa
L.I.M.E. Full spectrum auto care,(240) 448-1493,https://www.instagram.com/dmv.mobile_mechanic?igsh=aTA0MWp2Yzg4Zmh2&utm_source=qr,,"1340 Linden Ct NE, Washington, DC 20002, United States",1340 Linden Ct NE,Washington,DC,20002,4.9,17,Mechanic,,,https://www.google.com/maps/place/L.I.M.E.+Full+spectrum+auto+care/data=!4m7!3m6!1s0x89b7b984a93c0da1:0x937f3245ffa9c424!8m2!3d38.8995091!4d-76.9869465!16s%2Fg%2F11lcbj3q0c!19sChIJoQ08qYS5t4kRJMSp_0Uyf5M?authuser=0&hl=en&rclk=1,auto repair shop,District of Columbia,county,DC,2026-07-23T01:50:12,0x89b7b984a93c0da1:0x937f3245ffa9c424
Lee's Auto Repair,(202) 829-0969,,,"3426 Georgia Ave NW, Washington, DC 20010, United States",3426 Georgia Ave NW,Washington,DC,20010,4.1,45,Car repair and maintenance service,,,https://www.google.com/maps/place/Lee%27s+Auto+Repair/data=!4m7!3m6!1s0x89b7c9964fd7f5f7:0x449d887b4cfdb36!8m2!3d38.9328344!4d-77.0240948!16s%2Fg%2F11h1yvxv22!19sChIJ9_XXT5bJt4kRNtvPtIfYSQQ?authuser=0&hl=en&rclk=1,auto repair shop,District of Columbia,county,DC,2026-07-23T01:50:12,0x89b7c9964fd7f5f7:0x449d887b4cfdb36
"Linuel Auto And Tire Center, LLC",(202) 344-6240,http://www.linueltires.com/,,"1729 Bladensburg Rd NE, Washington, DC 20002, United States",1729 Bladensburg Rd NE,Washington,DC,20002,4.8,48,Tire shop,,,"https://www.google.com/maps/place/Linuel+Auto+And+Tire+Center,+LLC/data=!4m7!3m6!1s0x89b7b97a14cf059d:0xd31eccadc2761495!8m2!3d38.9135183!4d-76.9751749!16s%2Fg%2F11vz9r876z!19sChIJnQXPFHq5t4kRlRR2wq3MHtM?authuser=0&hl=en&rclk=1",auto repair shop,Washington,city,DC,2026-07-15T07:00:52,0x89b7b97a14cf059d:0xd31eccadc2761495
Lorenzo’s Auto Repair,(202) 855-1264,https://linktr.ee/dmvcarjunkie?lt_utm_source=lt_share_link#330661525,,"4210 East Capitol St NE, Washington, DC 20019, United States",4210 East Capitol St NE,Washington,DC,20019,5.0,1,Auto repair shop,,,https://www.google.com/maps/place/Lorenzo%E2%80%99s+Auto+Repair/data=!4m7!3m6!1s0x89b7b9d607582163:0xdaa90b5e906e807!8m2!3d38.8906766!4d-76.9415752!16s%2Fg%2F11y2tylrfh!19sChIJYyFYB9a5t4kRB-gG6bWQqg0?authuser=0&hl=en&rclk=1,auto repair shop,District of Columbia,county,DC,2026-07-23T01:50:12,0x89b7b9d607582163:0xdaa90b5e906e807
Lowest Price Mobile Auto Repair,(240) 492-9781,,,"4955 G St SE, Washington, DC 20019, United States",4955 G St SE,Washington,DC,20019,4.0,103,Car repair and maintenance service,,,https://www.google.com/maps/place/Lowest+Price+Mobile+Auto+Repair/data=!4m7!3m6!1s0x89b7b9260d591447:0x4b701843af2bf6ab!8m2!3d38.8808796!4d-76.9322948!16s%2Fg%2F11gl2tlv_9!19sChIJRxRZDSa5t4kRq_Yrr0MYcEs?authuser=0&hl=en&rclk=1,auto repair shop,District of Columbia,county,DC,2026-07-23T01:50:12,0x89b7b9260d591447:0x4b701843af2bf6ab
M&N Auto Services,(703) 678-7334,http://www.mandnautoservicesinc.com/,,"3825 Alabama Ave SE, Washington, DC 20020, United States",3825 Alabama Ave SE,Washington,DC,20020,4.6,10,Auto repair shop,,,https://www.google.com/maps/place/M%26N+Auto+Services/data=!4m7!3m6!1s0x89b7b90057a4d067:0x835c5f800137ceaa!8m2!3d38.8656491!4d-76.9501898!16s%2Fg%2F11lzwrg1lb!19sChIJZ9CkVwC5t4kRqs43AYBfXIM?authuser=0&hl=en&rclk=1,auto repair shop,District of Columbia,county,DC,2026-07-23T01:50:12,0x89b7b90057a4d067:0x835c5f800137ceaa
MN auto repair,(240) 478-0968,,,"1801 C, 1801 Adams St NE, Washington, DC 20018, United States","1801 C, 1801 Adams St NE",Washington,DC,20018,4.5,8,Auto repair shop,,,https://www.google.com/maps/place/MN+auto+repair/data=!4m7!3m6!1s0x89b7b99d8a143d45:0x47bdfd09cc8e7191!8m2!3d38.9198734!4d-76.9785257!16s%2Fg%2F11qhqhzky_!19sChIJRT0Uip25t4kRkXGOzAn9vUc?authuser=0&hl=en&rclk=1,auto repair shop,District of Columbia,county,DC,2026-07-23T01:50:12,0x89b7b99d8a143d45:0x47bdfd09cc8e7191
Mac's Tire Service,(202) 546-6700,http://www.macstireservice.com/,,"423 Florida Ave NE, Washington, DC 20002, United States",423 Florida Ave NE,Washington,DC,20002,4.8,9096,Tire shop,,,https://www.google.com/maps/place/Mac%27s+Tire+Service/data=!4m7!3m6!1s0x89b7b819f1c6ac85:0x3e51af9d9e85b287!8m2!3d38.9066997!4d-76.999939!16s%2Fg%2F1tgcyyzp!19sChIJhazG8Rm4t4kRh7KFnp2vUT4?authuser=0&hl=en&rclk=1,auto repair shop,District of Columbia,county,DC,2026-07-23T01:50:12,0x89b7b819f1c6ac85:0x3e51af9d9e85b287
Medina's Auto Repair Mobile Mechanic Washington,,,,"2708 26th St NE, Washington, DC 20018, United States",2708 26th St NE,Washington,DC,20018,5.0,1,Auto repair shop,,,https://www.google.com/maps/place/Medina%27s+Auto+Repair+Mobile+Mechanic+Washington/data=!4m7!3m6!1s0x89b7c7840447e33b:0x3806cee76c4881d5!8m2!3d38.9250034!4d-76.9704001!16s%2Fg%2F12642hw_w!19sChIJO-NHBITHt4kR1YFIbOfOBjg?authuser=0&hl=en&rclk=1,auto repair shop,District of Columbia,county,DC,2026-07-23T01:50:12,0x89b7c7840447e33b:0x3806cee76c4881d5
Meritt Auto Care,(202) 554-7900,,,"1801 Adams St NE, Washington, DC 20018, United States",1801 Adams St NE,Washington,DC,20018,4.0,43,Auto body shop,,,https://www.google.com/maps/place/Meritt+Auto+Care/data=!4m7!3m6!1s0x89b7b877d15766ab:0x83758722199527f3!8m2!3d38.9197917!4d-76.9785051!16s%2Fg%2F1tdn4_b9!19sChIJq2ZX0Xe4t4kR8yeVGSKHdYM?authuser=0&hl=en&rclk=1,auto repair shop,Washington,city,DC,2026-07-15T07:00:52,0x89b7b877d15766ab:0x83758722199527f3
Metro Motor,(202) 547-4054,https://www.metromotor.com/,,"339 Pennsylvania Ave. SE, Washington, DC 20003, United States",339 Pennsylvania Ave. SE,Washington,DC,20003,4.8,446,Auto repair shop,,,https://www.google.com/maps/place/Metro+Motor/data=!4m7!3m6!1s0x89b7b82dc52c1d11:0x9f3d5a95aa603a86!8m2!3d38.8862447!4d-77.0008691!16s%2Fg%2F11c44d66ms!19sChIJER0sxS24t4kRhjpgqpVaPZ8?authuser=0&hl=en&rclk=1,auto repair shop,District of Columbia,county,DC,2026-07-23T01:50:12,0x89b7b82dc52c1d11:0x9f3d5a95aa603a86
Metro Motor,(202) 546-6146,https://www.metromotor.com/,,"1201 Pennsylvania Ave. SE, Washington, DC 20003, United States",1201 Pennsylvania Ave. SE,Washington,DC,20003,4.8,356,Auto repair shop,,,https://www.google.com/maps/place/Metro+Motor/data=!4m7!3m6!1s0x89b7b83521fb6d8b:0xbd62b4dc2fb65f43!8m2!3d38.8818109!4d-76.9899336!16s%2Fg%2F11byygsdmp!19sChIJi237ITW4t4kRQ1-2L9y0Yr0?authuser=0&hl=en&rclk=1,auto repair shop,District of Columbia,county,DC,2026-07-23T01:50:12,0x89b7b83521fb6d8b:0xbd62b4dc2fb65f43
Metro Motor,(202) 333-0538,https://www.metromotor.com/,,"1601 Wisconsin Ave NW, Washington, DC 20007, United States",1601 Wisconsin Ave NW,Washington,DC,20007,4.8,549,Auto repair shop,,,https://www.google.com/maps/place/Metro+Motor/data=!4m7!3m6!1s0x89b7b636367b36c1:0xf50bf7fb64a05f5b!8m2!3d38.9105539!4d-77.0646087!16s%2Fg%2F11byyh2c0v!19sChIJwTZ7Nja2t4kRW1-gZPv3C_U?authuser=0&hl=en&rclk=1,auto repair shop,District of Columbia,county,DC,2026-07-23T01:50:12,0x89b7b636367b36c1:0xf50bf7fb64a05f5b
Metro Motor,(202) 965-1999,https://www.metromotor.com/,,"1576 Wisconsin Ave NW, Washington, DC 20007, United States",1576 Wisconsin Ave NW,Washington,DC,20007,4.5,228,Auto repair shop,,,https://www.google.com/maps/place/Metro+Motor/data=!4m7!3m6!1s0x89b7b637cc8dd8fb:0xa0424d3f4d90e950!8m2!3d38.9105514!4d-77.0653206!16s%2Fg%2F12hqhfkcj!19sChIJ-9iNzDe2t4kRUOmQTT9NQqA?authuser=0&hl=en&rclk=1,auto repair shop,District of Columbia,county,DC,2026-07-23T01:50:12,0x89b7b637cc8dd8fb:0xa0424d3f4d90e950
Metro Motor,(202) 337-3144,https://www.metromotor.com/,,"4812-A MacArthur Blvd NW, Washington, DC 20007, United States",4812-A MacArthur Blvd NW,Washington,DC,20007,4.9,208,Auto repair shop,,,https://www.google.com/maps/place/Metro+Motor/data=!4m7!3m6!1s0x89b7b60c6e388f9d:0x378717b423fa68d1!8m2!3d38.9162846!4d-77.0960667!16s%2Fg%2F11c2p8wg48!19sChIJnY84bgy2t4kR0Wj6I7QXhzc?authuser=0&hl=en&rclk=1,auto repair shop,District of Columbia,county,DC,2026-07-23T01:50:12,0x89b7b60c6e388f9d:0x378717b423fa68d1
Metro Motor,(202) 543-0200,https://www.metromotor.com/,,"823 Pennsylvania Ave. SE, Washington, DC 20003, United States",823 Pennsylvania Ave. SE,Washington,DC,20003,4.6,145,Auto repair shop,,,https://www.google.com/maps/place/Metro+Motor/data=!4m7!3m6!1s0x89b7b83376f32509:0x7bcb9951e5b4a937!8m2!3d38.8834701!4d-76.9939751!16s%2Fg%2F1263rvpzd!19sChIJCSXzdjO4t4kRN6m05VGZy3s?authuser=0&hl=en&rclk=1,auto repair shop,District of Columbia,county,DC,2026-07-23T01:50:12,0x89b7b83376f32509:0x7bcb9951e5b4a937
Metro Motor Collision,(202) 269-1430,https://www.metromotor.com/collision,,"1225 W St NE Suite B, Washington, DC 20018, United States",1225 W St NE Suite B,Washington,DC,20018,4.8,204,Auto body shop,,,https://www.google.com/maps/place/Metro+Motor+Collision/data=!4m7!3m6!1s0x89b7b80b034cbd6f:0x4c8a55a4eaeff33e!8m2!3d38.9189644!4d-76.9894887!16s%2Fg%2F1tjbt1gr!19sChIJb71MAwu4t4kRPvPv6qRVikw?authuser=0&hl=en&rclk=1,auto repair shop,District of Columbia,county,DC,2026-07-23T01:50:12,0x89b7b80b034cbd6f:0x4c8a55a4eaeff33e
Metro Service Center,(202) 582-9240,https://metroautorepairs.com/,,"1230 New York Ave NE, Washington, DC 20002, United States",1230 New York Ave NE,Washington,DC,20002,4.6,230,Used tire shop,,,https://www.google.com/maps/place/Metro+Service+Center/data=!4m7!3m6!1s0x89b7b80cf0c2e6ed:0xc4893d6cbf71de28!8m2!3d38.9146504!4d-76.988792!16s%2Fg%2F11c53d3xh1!19sChIJ7ebC8Ay4t4kRKN5xv2w9icQ?authuser=0&hl=en&rclk=1,auto repair shop,Washington,city,DC,2026-07-23T01:52:22,0x89b7b80cf0c2e6ed:0xc4893d6cbf71de28
Midas,(202) 350-9755,https://www.midas.com/store/dc/washington/1620-rhode-island-avenue-northeast-20018/?shopnum=3598&utm_source=google&utm_medium=organic&utm_campaign=gbp,,"1620 Rhode Island Ave NE, Washington, DC 20018, United States",1620 Rhode Island Ave NE,Washington,DC,20018,3.5,386,Auto repair shop,,,https://www.google.com/maps/place/Midas/data=!4m7!3m6!1s0x89b7c78ea0b103fd:0xfdcbf9c1a1e2a67d!8m2!3d38.9267169!4d-76.9816531!16s%2Fg%2F1tzzwdgf!19sChIJ_QOxoI7Ht4kRfabiocH5y_0?authuser=0&hl=en&rclk=1,auto repair shop,Washington,city,DC,2026-07-23T01:52:22,0x89b7c78ea0b103fd:0xfdcbf9c1a1e2a67d
"Minnesota Tire and Auto Service, Inc.",(202) 640-0959,https://minnesotatireautoservice.wordpress.com/,,"3820 Minnesota Ave NE, Washington, DC 20019, United States",3820 Minnesota Ave NE,Washington,DC,20019,5.0,49,Wheel alignment service,,,"https://www.google.com/maps/place/Minnesota+Tire+and+Auto+Service,+Inc./data=!4m7!3m6!1s0x89b7b9591588f183:0xf2469439f78635c1!8m2!3d38.8926407!4d-76.9514081!16s%2Fg%2F11wmlr589z!19sChIJg_GIFVm5t4kRwTWG9zmURvI?authuser=0&hl=en&rclk=1",auto repair shop,Washington,city,DC,2026-07-23T01:52:22,0x89b7b9591588f183:0xf2469439f78635c1
Mobile Mechanic Washington DC,(202) 335-3677,https://mobilemechanicswashingtondc.com/,,"800 Kenilworth Avenue Northeast #140, Washington, DC 20019, United States",800 Kenilworth Avenue Northeast #140,Washington,DC,20019,2.3,9,Car repair and maintenance service,,,https://www.google.com/maps/place/Mobile+Mechanic+Washington+DC/data=!4m7!3m6!1s0x89b7b9eda1d55041:0xae568063f19022df!8m2!3d38.901251!4d-76.9457165!16s%2Fg%2F11pwsjg0x5!19sChIJQVDVoe25t4kR3yKQ8WOAVq4?authuser=0&hl=en&rclk=1,auto repair shop,District of Columbia,county,DC,2026-07-23T01:50:12,0x89b7b9eda1d55041:0xae568063f19022df
Mostafa Auto Service,(202) 821-6319,,,"400 Rhode Island Ave NE, Washington, DC 20002, United States",400 Rhode Island Ave NE,Washington,DC,20002,4.8,16,Car repair and maintenance service,,,https://www.google.com/maps/place/Mostafa+Auto+Service/data=!4m7!3m6!1s0x89b7bda9a5abb7b3:0x125574112c408deb!8m2!3d38.9202406!4d-77.0002392!16s%2Fg%2F11hdxcsc7d!19sChIJs7erpam9t4kR641ALBF0VRI?authuser=0&hl=en&rclk=1,auto repair shop,Washington,city,DC,2026-07-23T01:52:22,0x89b7bda9a5abb7b3:0x125574112c408deb
Murphy's Auto Body,(202) 678-0100,https://murphysautobodyshopdc.com/,,"1708 Marion Barry Ave SE, Washington, DC 20020, United States",1708 Marion Barry Ave SE,Washington,DC,20020,4.8,596,Auto body shop,,,https://www.google.com/maps/place/Murphy%27s+Auto+Body/data=!4m7!3m6!1s0x89b7b9bbb593198b:0x9b236b8cd9d99e09!8m2!3d38.8661839!4d-76.9801396!16s%2Fg%2F1tf9tqj9!19sChIJixmTtbu5t4kRCZ7Z2YxrI5s?authuser=0&hl=en&rclk=1,auto repair shop,District of Columbia,county,DC,2026-07-23T01:50:12,0x89b7b9bbb593198b:0x9b236b8cd9d99e09
Northwest Auto Repair,(202) 722-8863,,,"5420 New Hampshire Ave NW, Washington, DC 20011, United States",5420 New Hampshire Ave NW,Washington,DC,20011,3.9,7,Auto repair shop,,,https://www.google.com/maps/place/Northwest+Auto+Repair/data=!4m7!3m6!1s0x89b7c7d7db6d4705:0x86230ffaaf52195e!8m2!3d38.9563491!4d-77.0098425!16s%2Fg%2F1tf_1zh5!19sChIJBUdt29fHt4kRXhlSr_oPI4Y?authuser=0&hl=en&rclk=1,auto repair shop,District of Columbia,county,DC,2026-07-23T01:50:12,0x89b7c7d7db6d4705:0x86230ffaaf52195e
Nzuimanto Tires,(202) 726-0390,http://www.nzuitire.com/,,"1 Kennedy St NW, Washington, DC 20011, United States",1 Kennedy St NW,Washington,DC,20011,4.7,350,Tire shop,,,https://www.google.com/maps/place/Nzuimanto+Tires/data=!4m7!3m6!1s0x89b7c7d7d18f1155:0xbcb03e09ed117bb9!8m2!3d38.9568856!4d-77.0097208!16s%2Fg%2F11b7ljlq5h!19sChIJVRGP0dfHt4kRuXsR7Qk-sLw?authuser=0&hl=en&rclk=1,auto repair shop,Washington,city,DC,2026-07-15T07:00:52,0x89b7c7d7d18f1155:0xbcb03e09ed117bb9
Old Ox Tire & Auto,(202) 481-0685,https://oldoxtire.com/auto-repair-washington-dc/,,"3426 18th St NE, Washington, DC 20018, United States",3426 18th St NE,Washington,DC,20018,4.9,583,Auto repair shop,,,https://www.google.com/maps/place/Old+Ox+Tire+%26+Auto/data=!4m7!3m6!1s0x89b7c711859206eb:0x7f393e1cc0b0558!8m2!3d38.9327379!4d-76.979989!16s%2Fg%2F11jw5ck4vt!19sChIJ6waShRHHt4kRWAULzOGT8wc?authuser=0&hl=en&rclk=1,auto repair shop,District of Columbia,county,DC,2026-07-23T01:50:12,0x89b7c711859206eb:0x7f393e1cc0b0558
Omar Auto Repair,(571) 497-9555,https://omarautorepair.com/,,"600 Rhode Island Ave NE, Washington, DC 20002, United States",600 Rhode Island Ave NE,Washington,DC,20002,5.0,98,Mechanic,,,https://www.google.com/maps/place/Omar+Auto+Repair/data=!4m7!3m6!1s0x89b7b90e5d217c43:0xd015ee09f98b44c1!8m2!3d38.9209381!4d-76.9987769!16s%2Fg%2F11wqd91kwl!19sChIJQ3whXQ65t4kRwUSL-QnuFdA?authuser=0&hl=en&rclk=1,auto repair shop,District of Columbia,county,DC,2026-07-23T01:50:12,0x89b7b90e5d217c43:0xd015ee09f98b44c1
POSSIBLE & SONS AUTO SERVICES & TIRES LLC,(202) 487-7603,http://www.possibleandsons.com/,,"1420 Rhode Island Ave NE, Washington, DC 20018, United States",1420 Rhode Island Ave NE,Washington,DC,20018,4.8,218,Tire repair shop,,,https://www.google.com/maps/place/POSSIBLE+%26+SONS+AUTO+SERVICES+%26+TIRES+LLC/data=!4m7!3m6!1s0x89b7c77eeaf33979:0xc9064300e709543c!8m2!3d38.9252101!4d-76.9849504!16s%2Fg%2F11p106fss0!19sChIJeTnz6n7Ht4kRPFQJ5wBDBsk?authuser=0&hl=en&rclk=1,auto repair shop,Washington,city,DC,2026-07-23T01:52:22,0x89b7c77eeaf33979:0xc9064300e709543c
PRIVAT TIRE CENTER,(202) 853-8629,,,"3010-D Rhode Island Ave NE, Washington, DC 20018, United States",3010-D Rhode Island Ave NE,Washington,DC,20018,4.9,317,Tire shop,,,https://www.google.com/maps/place/PRIVAT+TIRE+CENTER/data=!4m7!3m6!1s0x89b7c7eaccea8c61:0x3614f2a487bc9cc0!8m2!3d38.934555!4d-76.9655189!16s%2Fg%2F11j2ynx2vq!19sChIJYYzqzOrHt4kRwJy8h6TyFDY?authuser=0&hl=en&rclk=1,auto repair shop,Washington,city,DC,2026-07-15T07:00:52,0x89b7c7eaccea8c61:0x3614f2a487bc9cc0
Queens Auto Body LLC,(202) 397-6872,http://queensautobody.wordpress.com/,,"4606 Minnesota Ave NE, Washington, DC 20019, United States",4606 Minnesota Ave NE,Washington,DC,20019,4.4,28,Auto body shop,,,https://www.google.com/maps/place/Queens+Auto+Body+LLC/data=!4m7!3m6!1s0x89b7b8a343941013:0x2d35bbfa3cf52a9a!8m2!3d38.9064098!4d-76.9365614!16s%2Fg%2F1thtqh1g!19sChIJExCUQ6O4t4kRmir1PPq7NS0?authuser=0&hl=en&rclk=1,auto repair shop,Washington,city,DC,2026-07-15T07:00:52,0x89b7b8a343941013:0x2d35bbfa3cf52a9a
Ralph’s Auto Repair LLC,(202) 729-0311,http://ralphsautorepairllc.com/,,"20 Mississippi Ave SE, Washington, DC 20032, United States",20 Mississippi Ave SE,Washington,DC,20032,5.0,10,Auto repair shop,,,https://www.google.com/maps/place/Ralph%E2%80%99s+Auto+Repair+LLC/data=!4m7!3m6!1s0x89b7bbe25e97ef75:0x8cddfe12d01d9df2!8m2!3d38.8321367!4d-77.0074589!16s%2Fg%2F11l7540zw2!19sChIJde-XXuK7t4kR8p0d0BL-3Yw?authuser=0&hl=en&rclk=1,auto repair shop,District of Columbia,county,DC,2026-07-23T01:50:12,0x89b7bbe25e97ef75:0x8cddfe12d01d9df2
Rhino Mobile Mechanics of Washington,(202) 335-4745,https://www.mobilemechanicwashingtondc.com/contact-our-company/,,"1821 Belmont Rd NW, Washington, DC 20009, United States",1821 Belmont Rd NW,Washington,DC,20009,4.4,19,Car repair and maintenance service,,,https://www.google.com/maps/place/Rhino+Mobile+Mechanics+of+Washington/data=!4m7!3m6!1s0x89b7b7da46787031:0xc7c186cc7ac689c9!8m2!3d38.9208583!4d-77.0429165!16s%2Fg%2F11vkr33z7d!19sChIJMXB4Rtq3t4kRyYnGesyGwcc?authuser=0&hl=en&rclk=1,auto repair shop,District of Columbia,county,DC,2026-07-23T01:50:12,0x89b7b7da46787031:0xc7c186cc7ac689c9
"Roadmaster Mobile Mechanic & roadside Service ""EXPERIENCE A DISASTER CALL the ROADMASTER """,(301) 440-4996,,,"Quackenbos St NW, Washington, DC 20011, United States",Quackenbos St NW,Washington,DC,20011,5.0,112,Auto repair shop,,,https://www.google.com/maps/place/Roadmaster+Mobile+Mechanic+%26+roadside+Service+%22EXPERIENCE+A+DISASTER+CALL+the+ROADMASTER+%22/data=!4m7!3m6!1s0x89b7c9ef5a4f94ad:0x159bd3d9e029c50c!8m2!3d38.965085!4d-77.0121944!16s%2Fg%2F11hzmt610z!19sChIJrZRPWu_Jt4kRDMUp4NnTmxU?authuser=0&hl=en&rclk=1,auto repair shop,District of Columbia,county,DC,2026-07-23T01:50:12,0x89b7c9ef5a4f94ad:0x159bd3d9e029c50c
Roy’s Auto Services New and Use Tires Mobile Tire Services,(202) 820-4593,,,"400 Rhode Island Ave NE, Washington, DC 20002, United States",400 Rhode Island Ave NE,Washington,DC,20002,4.8,232,Auto repair shop,,,https://www.google.com/maps/place/Roy%E2%80%99s+Auto+Services+New+and+Use+Tires+Mobile+Tire+Services/data=!4m7!3m6!1s0x89b7b9b22c4b03a5:0x334595e41f0203a8!8m2!3d38.9202406!4d-77.0002392!16s%2Fg%2F11vldqwmxw!19sChIJpQNLLLK5t4kRqAMCH-SVRTM?authuser=0&hl=en&rclk=1,auto repair shop,District of Columbia,county,DC,2026-07-23T01:50:12,0x89b7b9b22c4b03a5:0x334595e41f0203a8
T & W Auto Repair,(202) 842-5470,https://twautorepairs.com/,,"1919 5th St NE, Washington, DC 20002, United States",1919 5th St NE,Washington,DC,20002,4.2,23,Auto repair shop,,,https://www.google.com/maps/place/T+%26+W+Auto+Repair/data=!4m7!3m6!1s0x89b7b805f16c8c3f:0x6963c22d2d92b2f9!8m2!3d38.9166713!4d-76.9993266!16s%2Fg%2F11fzffg8g3!19sChIJP4xs8QW4t4kR-bKSLS3CY2k?authuser=0&hl=en&rclk=1,auto repair shop,District of Columbia,county,DC,2026-07-23T01:50:12,0x89b7b805f16c8c3f:0x6963c22d2d92b2f9
T T & D Value Auto Services,(202) 723-1841,,,"4140 Georgia Ave NW # A, Washington, DC 20011, United States",4140 Georgia Ave NW # A,Washington,DC,20011,4.6,85,Auto repair shop,,,https://www.google.com/maps/place/T+T+%26+D+Value+Auto+Services/data=!4m7!3m6!1s0x89b7c813d00cdd89:0xbd30ae393d0e1418!8m2!3d38.9416299!4d-77.0257707!16s%2Fg%2F1tdnm02d!19sChIJid0M0BPIt4kRGBQOPTmuML0?authuser=0&hl=en&rclk=1,auto repair shop,District of Columbia,county,DC,2026-07-23T01:50:12,0x89b7c813d00cdd89:0xbd30ae393d0e1418
TAB MOTORS,(202) 362-2639,https://tabmotors.net/,,"4861 Massachusetts Ave NW, Washington, DC 20016, United States",4861 Massachusetts Ave NW,Washington,DC,20016,4.9,261,Auto repair shop,,,https://www.google.com/maps/place/TAB+MOTORS/data=!4m7!3m6!1s0x89b7b5ba18b8b337:0x403502896eec8c4b!8m2!3d38.9459327!4d-77.0963985!16s%2Fg%2F11y4108h51!19sChIJN7O4GLq1t4kRS4zsbokCNUA?authuser=0&hl=en&rclk=1,auto repair shop,District of Columbia,county,DC,2026-07-23T01:50:12,0x89b7b5ba18b8b337:0x403502896eec8c4b
Tenleytown Automotive,(202) 844-2886,https://tenleytownautomotive.com/,,"4244 Wisconsin Ave NW, Washington, DC 20016, United States",4244 Wisconsin Ave NW,Washington,DC,20016,4.9,662,Auto repair shop,,,https://www.google.com/maps/place/Tenleytown+Automotive/data=!4m7!3m6!1s0x89b7c9abd52d5b77:0x153b8f7ab122a87b!8m2!3d38.9442786!4d-77.0779226!16s%2Fg%2F1tl0y72p!19sChIJd1st1avJt4kRe6gisXqPOxU?authuser=0&hl=en&rclk=1,auto repair shop,District of Columbia,county,DC,2026-07-23T01:50:12,0x89b7c9abd52d5b77:0x153b8f7ab122a87b
Tony's Auto Repair,(202) 547-1312,http://tonysautorepairs.com/,,"1116 Congress St NE, Washington, DC 20002, United States",1116 Congress St NE,Washington,DC,20002,4.5,58,Auto repair shop,,,https://www.google.com/maps/place/Tony%27s+Auto+Repair/data=!4m7!3m6!1s0x89b7b818e8d38b3d:0x8e3b6e32ca38438b!8m2!3d38.9042813!4d-77.0029676!16s%2Fg%2F1tk1nwp6!19sChIJPYvT6Bi4t4kRi0M4yjJuO44?authuser=0&hl=en&rclk=1,auto repair shop,District of Columbia,county,DC,2026-07-23T01:50:12,0x89b7b818e8d38b3d:0x8e3b6e32ca38438b
Tonys auto body,(703) 296-1684,,,"2040 West Virginia Ave NE unit-e, Washington, DC 20002, United States",2040 West Virginia Ave NE unit-e,Washington,DC,20002,4.0,28,Auto body shop,,,https://www.google.com/maps/place/Tonys+auto+body/data=!4m7!3m6!1s0x89b7b873decaddf7:0x9350acb4f564e9d6!8m2!3d38.9141769!4d-76.9819325!16s%2Fg%2F1td6y_p8!19sChIJ993K3nO4t4kR1ulk9bSsUJM?authuser=0&hl=en&rclk=1,auto repair shop,Washington,city,DC,2026-07-15T07:00:52,0x89b7b873decaddf7:0x9350acb4f564e9d6
Value Auto Services,(202) 636-7260,,,"2800 12th St NE, Washington, DC 20017, United States",2800 12th St NE,Washington,DC,20017,4.6,11,Auto repair shop,,,https://www.google.com/maps/place/Value+Auto+Services/data=!4m7!3m6!1s0x89b7c7f4666e2c31:0x9776f5588a685138!8m2!3d38.9258548!4d-76.9908158!16s%2Fg%2F1tctmpjy!19sChIJMSxuZvTHt4kROFFoilj1dpc?authuser=0&hl=en&rclk=1,auto repair shop,District of Columbia,county,DC,2026-07-23T01:50:12,0x89b7c7f4666e2c31:0x9776f5588a685138
Vehicle Maintenance Facility,(202) 832-0212,,,"400 T St NE, Washington, DC 20002, United States",400 T St NE,Washington,DC,20002,4.8,6,Auto repair shop,,,https://www.google.com/maps/place/Vehicle+Maintenance+Facility/data=!4m7!3m6!1s0x89b7b80598d0c53f:0x6e17dea08f98ee43!8m2!3d38.915846!4d-76.9999862!16s%2Fg%2F1td1qscx!19sChIJP8XQmAW4t4kRQ-6Yj6DeF24?authuser=0&hl=en&rclk=1,auto repair shop,District of Columbia,county,DC,2026-07-23T01:50:12,0x89b7b80598d0c53f:0x6e17dea08f98ee43
Washington Auto Repairs,,,,"4451 Nannie Helen Burroughs Ave NE, Washington, DC 20019, United States",4451 Nannie Helen Burroughs Ave NE,Washington,DC,20019,3.1,7,Transmission shop,,,https://www.google.com/maps/place/Washington+Auto+Repairs/data=!4m7!3m6!1s0x89b7b8bebd73cf4b:0xf2091ea3238f4d3b!8m2!3d38.8994375!4d-76.9369495!16s%2Fg%2F1vfwdrgt!19sChIJS89zvb64t4kRO02PI6MeCfI?authuser=0&hl=en&rclk=1,auto repair shop,District of Columbia,county,DC,2026-07-23T01:50:12,0x89b7b8bebd73cf4b:0xf2091ea3238f4d3b
Wonder Automotive Inc,(202) 397-7100,https://www.wonderautomotive.net/,,"1111 Bladensburg Rd NE, Washington, DC 20002, United States",1111 Bladensburg Rd NE,Washington,DC,20002,4.7,47,Auto repair shop,,,https://www.google.com/maps/place/Wonder+Automotive+Inc/data=!4m7!3m6!1s0x89b7b8694125190b:0x8de7472e589e1260!8m2!3d38.9040538!4d-76.9803879!16s%2Fg%2F1tfcjnh1!19sChIJCxklQWm4t4kRYBKeWC5H540?authuser=0&hl=en&rclk=1,auto repair shop,District of Columbia,county,DC,2026-07-23T01:50:12,0x89b7b8694125190b:0x8de7472e589e1260
Y & G Auto Repair & Body Shop,(202) 269-1005,,,"1851 Adams St NE, Washington, DC 20018, United States",1851 Adams St NE,Washington,DC,20018,4.8,38,Auto repair shop,,,https://www.google.com/maps/place/Y+%26+G+Auto+Repair+%26+Body+Shop/data=!4m7!3m6!1s0x89b7b877dbe81a93:0x60e8f1760bc7301b!8m2!3d38.9200192!4d-76.9778281!16s%2Fg%2F1tdcmvyc!19sChIJkxro23e4t4kRGzDHC3bx6GA?authuser=0&hl=en&rclk=1,auto repair shop,Washington,city,DC,2026-07-23T01:52:22,0x89b7b877dbe81a93:0x60e8f1760bc7301b
